rank,country,happiness_score,gdp_per_capita,social_support,healthy_life_expectancy,freedom,generosity,corruption_perception,total_cases_apr30,peak_daily_new_cases,avg_daily_growth_rate,days_to_100_cases,cases_log,institutional_trust_index,social_resilience_index,economic_wellbeing_index,happiness_tier,gdp_per_capita_scaled,social_support_scaled,healthy_life_expectancy_scaled,freedom_scaled,generosity_scaled,corruption_perception_scaled,institutional_trust_index_scaled,social_resilience_index_scaled
1,Finland,7.769,1.34,1.587,0.986,0.596,0.153,0.393,4995.0,267.0,0.08602417041662089,51.0,8.516392871245468,0.4945,1.2865,1.34,Very High (> 6.5),0.7957244655581948,0.9772167487684728,0.8503861003861004,0.9445324881141046,0.27031802120141346,0.8675496688741721,0.9796747967479673,0.9697445972495087
2,Denmark,7.6,1.383,1.573,0.996,0.592,0.252,0.41,9356.0,391.0,0.09236242429571628,48.0,9.143880005275912,0.501,1.2845,1.383,Very High (> 6.5),0.8212589073634204,0.9685960591133004,0.86003861003861,0.9381933438985737,0.44522968197879864,0.9050772626931566,0.9928861788617884,0.968172888015717
3,Norway,7.554,1.488,1.582,1.028,0.603,0.271,0.341,7738.0,386.0,0.09044472484111578,44.0,8.95402775927046,0.472,1.3050000000000002,1.488,Very High (> 6.5),0.8836104513064132,0.9741379310344827,0.890926640926641,0.9556259904912837,0.47879858657243823,0.7527593818984547,0.9339430894308941,0.9842829076620825
4,Iceland,7.494,1.38,1.624,1.026,0.591,0.354,0.118,1797.0,99.0,0.07570131530334914,50.0,7.494430215031565,0.3545,1.3250000000000002,1.38,Very High (> 6.5),0.8194774346793349,0.9999999999999999,0.888996138996139,0.936608557844691,0.6254416961130742,0.260485651214128,0.695121951219512,1.0
5,Netherlands,7.488,1.396,1.522,0.999,0.557,0.322,0.298,39512.0,1346.0,0.10691297990572884,44.0,10.584385010667155,0.4275,1.2605,1.396,Very High (> 6.5),0.8289786223277908,0.9371921182266009,0.8629343629343629,0.8827258320126784,0.568904593639576,0.6578366445916114,0.8434959349593495,0.9493123772102159
6,Switzerland,7.48,1.452,1.526,1.052,0.572,0.263,0.343,29586.0,1321.0,0.10399081166314288,43.0,10.295090354651144,0.4575,1.2890000000000001,1.452,Very High (> 6.5),0.8622327790973872,0.939655172413793,0.9140926640926641,0.9064976228209192,0.46466431095406363,0.7571743929359823,0.9044715447154471,0.9717092337917486
7,Sweden,7.343,1.387,1.487,1.009,0.574,0.267,0.373,21092.0,812.0,0.10057269202896234,44.0,9.956696510867271,0.4735,1.248,1.387,Very High (> 6.5),0.8236342042755345,0.9156403940886699,0.8725868725868725,0.9096671949286845,0.47173144876325096,0.8233995584988961,0.936991869918699,0.9394891944990176
8,New Zealand,7.307,1.303,1.557,1.026,0.585,0.33,0.38,1479.0,89.0,0.07373532693695112,60.0,7.299797366758161,0.4825,1.2915,1.303,Very High (> 6.5),0.7737529691211401,0.9587438423645318,0.888996138996139,0.9270998415213946,0.5830388692579506,0.8388520971302428,0.9552845528455283,0.9736738703339882
9,Canada,7.278,1.365,1.505,1.039,0.584,0.285,0.308,54457.0,2778.0,0.11015338425608234,49.0,10.905185041352151,0.44599999999999995,1.2719999999999998,1.365,Very High (> 6.5),0.8105700712589073,0.9267241379310343,0.9015444015444014,0.9255150554675119,0.5035335689045937,0.6799116997792494,0.8810975609756095,0.9583497053045184
10,Austria,7.246,1.376,1.475,1.016,0.532,0.244,0.226,15452.0,1321.0,0.09742988321448176,46.0,9.645558438233694,0.379,1.2455,1.376,Very High (> 6.5),0.8171021377672208,0.9082512315270935,0.8793436293436293,0.8431061806656102,0.43109540636042404,0.49889624724061804,0.7449186991869918,0.9375245579567779
11,Australia,7.228,1.372,1.548,1.036,0.557,0.332,0.29,6766.0,497.0,0.08908902157810329,48.0,8.819813136232225,0.4235,1.292,1.372,Very High (> 6.5),0.8147268408551069,0.9532019704433496,0.8986486486486487,0.8827258320126784,0.5865724381625442,0.6401766004415009,0.8353658536585364,0.974066797642436
12,Costa Rica,7.167,1.034,1.441,0.963,0.558,0.144,0.093,719.0,37.0,0.06645708294959699,59.0,6.579251212010101,0.3255,1.202,1.034,Very High (> 6.5),0.6140142517814727,0.8873152709359605,0.8281853281853282,0.8843106180665611,0.254416961130742,0.20529801324503308,0.6361788617886178,0.9033398821218073
13,Israel,7.139,1.276,1.455,1.029,0.371,0.261,0.082,15946.0,1131.0,0.09774773740149467,50.0,9.677026002747972,0.2265,1.242,1.276,Very High (> 6.5),0.7577197149643705,0.8959359605911329,0.8918918918918918,0.5879556259904913,0.46113074204947,0.18101545253863133,0.4349593495934959,0.9347740667976423
14,Luxembourg,7.09,1.609,1.479,1.012,0.526,0.194,0.316,3784.0,234.0,0.08322021379668232,55.0,8.23880116587155,0.42100000000000004,1.2455,1.609,Very High (> 6.5),0.9554631828978621,0.9107142857142857,0.8754826254826255,0.8335974643423139,0.3427561837455831,0.6975717439293597,0.8302845528455285,0.9375245579567779
15,United Kingdom,7.054,1.333,1.538,0.996,0.45,0.348,0.278,172481.0,8733.0,0.12179846628467526,43.0,12.058048162182851,0.364,1.267,1.333,Very High (> 6.5),0.7915676959619952,0.9470443349753693,0.86003861003861,0.7131537242472267,0.6148409893992933,0.6136865342163356,0.714430894308943,0.954420432220039
16,Ireland,7.021,1.499,1.553,0.999,0.516,0.298,0.31,20612.0,1515.0,0.10034017397675944,52.0,9.933677223699185,0.41300000000000003,1.276,1.499,Very High (> 6.5),0.8901425178147269,0.9562807881773397,0.8629343629343629,0.8177496038034866,0.5265017667844523,0.684326710816777,0.8140243902439024,0.961493123772102
17,Germany,6.985,1.373,1.454,0.987,0.495,0.261,0.265,163009.0,6933.0,0.12122794775353873,39.0,12.001566827600335,0.38,1.2205,1.373,Very High (> 6.5),0.8153206650831354,0.8953201970443349,0.8513513513513513,0.7844690966719493,0.46113074204947,0.5849889624724062,0.746951219512195,0.917878192534381
18,Belgium,6.923,1.356,1.504,0.986,0.473,0.16,0.21,48519.0,2454.0,0.10898718548543421,44.0,10.789731363057987,0.34149999999999997,1.245,1.356,Very High (> 6.5),0.8052256532066508,0.9261083743842363,0.8503861003861004,0.7496038034865293,0.2826855123674912,0.4635761589403973,0.6686991869918698,0.93713163064833
19,United States,6.892,1.433,1.457,0.874,0.454,0.28,0.128,1069424.0,36188.0,0.13322711614402508,41.0,13.882631678818429,0.29100000000000004,1.1655,1.433,Very High (> 6.5),0.8509501187648456,0.897167487684729,0.7422779922779923,0.7194928684627576,0.4946996466431096,0.28256070640176595,0.5660569105691057,0.874656188605108
20,Czech Republic,6.852,1.269,1.487,0.92,0.457,0.046,0.036,7682.0,381.0,0.0903713674229054,51.0,8.946765374867635,0.2465,1.2035,1.269,Very High (> 6.5),0.7535629453681709,0.9156403940886699,0.7866795366795367,0.7242472266244058,0.08127208480565372,0.07947019867549668,0.47560975609756095,0.9045186640471512
21,United Arab Emirates,6.825,1.503,1.31,0.825,0.598,0.262,0.182,12481.0,552.0,0.09527316045953524,56.0,9.432042885493988,0.39,1.0675,1.503,Very High (> 6.5),0.8925178147268408,0.8066502463054186,0.6949806949806949,0.94770206022187,0.46289752650176685,0.401766004415011,0.7672764227642276,0.7976424361493122
22,Malta,6.726,1.3,1.52,0.999,0.564,0.375,0.151,465.0,52.0,0.0620624811527843,61.0,6.144185634125646,0.3575,1.2595,1.3,Very High (> 6.5),0.7719714964370546,0.9359605911330048,0.8629343629343629,0.8938193343898573,0.6625441696113075,0.33333333333333326,0.7012195121951218,0.9485265225933202
23,Mexico,6.595,1.07,1.323,0.861,0.433,0.074,0.073,19224.0,1425.0,0.09963602822599843,56.0,9.863966794373844,0.253,1.092,1.07,Very High (> 6.5),0.6353919239904988,0.8146551724137929,0.7297297297297297,0.6862123613312203,0.13074204946996468,0.16114790286975714,0.48882113821138207,0.8168958742632613
24,France,6.592,1.324,1.472,1.045,0.436,0.111,0.183,169053.0,26849.0,0.12159569161105725,38.0,12.037973469494668,0.3095,1.2585,1.324,Very High (> 6.5),0.7862232779097388,0.9064039408866994,0.9073359073359073,0.6909667194928685,0.196113074204947,0.4039735099337748,0.6036585365853658,0.9477406679764242
25,Taiwan,6.446,1.368,1.43,0.914,0.351,0.242,0.097,429.0,27.0,0.05424886897098649,56.0,6.063785208687608,0.22399999999999998,1.172,1.368,High (5.5–6.5),0.8123515439429929,0.880541871921182,0.7808880308880309,0.5562599049128367,0.42756183745583043,0.21412803532008828,0.4298780487804877,0.8797642436149311
26,Chile,6.444,1.159,1.369,0.92,0.357,0.187,0.056,16023.0,1138.0,0.09779639270046114,54.0,9.681842877345654,0.2065,1.1445,1.159,High (5.5–6.5),0.6882422802850356,0.8429802955665023,0.7866795366795367,0.5657686212361331,0.3303886925795053,0.12362030905077262,0.3943089430894308,0.8581532416502946
27,Guatemala,6.436,0.8,1.269,0.746,0.535,0.175,0.078,599.0,68.0,0.06461545106278936,79.0,6.396929655216146,0.3065,1.0074999999999998,0.8,High (5.5–6.5),0.4750593824228029,0.7814039408866993,0.6187258687258688,0.8478605388272584,0.30918727915194344,0.17218543046357615,0.5975609756097561,0.7504911591355597
28,Saudi Arabia,6.375,1.403,1.357,0.795,0.439,0.08,0.132,22753.0,1351.0,0.10133834578888548,52.0,10.032496233099662,0.2855,1.076,1.403,High (5.5–6.5),0.8331353919239904,0.8355911330049259,0.666023166023166,0.6957210776545166,0.1413427561837456,0.2913907284768212,0.5548780487804877,0.8043222003929272
29,Qatar,6.374,1.684,1.313,0.871,0.555,0.22,0.167,13409.0,957.0,0.09599753511389619,49.0,9.503755976275723,0.36100000000000004,1.092,1.684,High (5.5–6.5),0.9999999999999999,0.8084975369458126,0.7393822393822393,0.8795562599049129,0.3886925795053004,0.3686534216335541,0.7083333333333334,0.8168958742632613
30,Spain,6.354,1.286,1.484,1.062,0.362,0.153,0.079,213435.0,9630.0,0.12395042728185962,40.0,12.271092300904103,0.2205,1.2730000000000001,1.286,High (5.5–6.5),0.7636579572446556,0.9137931034482757,0.9237451737451738,0.5736925515055468,0.27031802120141346,0.17439293598233993,0.4227642276422764,0.9591355599214144
31,Panama,6.321,1.149,1.442,0.91,0.516,0.109,0.054,6532.0,357.0,0.08873355085697728,57.0,8.78462153484075,0.28500000000000003,1.176,1.149,High (5.5–6.5),0.6823040380047506,0.8879310344827585,0.7770270270270271,0.8177496038034866,0.19257950530035337,0.11920529801324502,0.5538617886178862,0.8829076620825146
32,Brazil,6.3,1.004,1.439,0.802,0.39,0.099,0.086,87187.0,7502.0,0.11490729278533741,51.0,11.375821985748404,0.238,1.1205,1.004,High (5.5–6.5),0.5961995249406176,0.8860837438423644,0.6727799227799228,0.6180665610142632,0.17491166077738518,0.1898454746136865,0.45833333333333326,0.8392927308447936
33,Uruguay,6.293,1.124,1.465,0.891,0.523,0.127,0.15,643.0,48.0,0.06533029016267024,59.0,6.467698726104354,0.3365,1.178,1.124,High (5.5–6.5),0.667458432304038,0.9020935960591132,0.7586872586872587,0.8288431061806657,0.22438162544169613,0.3311258278145695,0.6585365853658536,0.8844793713163063
34,Singapore,6.262,1.572,1.463,1.141,0.556,0.271,0.453,16169.0,1426.0,0.09788800962193082,38.0,9.690912952571152,0.5045000000000001,1.302,1.572,High (5.5–6.5),0.9334916864608076,0.9008620689655171,1.0,0.8811410459587956,0.47879858657243823,0.9999999999999999,1.0,0.9819253438113948
35,El Salvador,6.253,0.794,1.242,0.789,0.43,0.093,0.074,395.0,32.0,0.06041832536620687,78.0,5.981414211254481,0.252,1.0155,0.794,High (5.5–6.5),0.47149643705463185,0.7647783251231526,0.6602316602316602,0.6814580031695721,0.16431095406360424,0.16335540838852095,0.4867886178861788,0.7567779960707268
36,Italy,6.223,1.294,1.488,1.039,0.231,0.158,0.03,205463.0,6557.0,0.12356592035444881,32.0,12.233026115090432,0.1305,1.2635,1.294,High (5.5–6.5),0.7684085510688836,0.9162561576354679,0.9015444015444014,0.3660855784469097,0.27915194346289757,0.0662251655629139,0.2398373983739837,0.9516699410609036
37,Bahrain,6.199,1.362,1.368,0.871,0.536,0.255,0.11,3040.0,301.0,0.08100951199674106,48.0,8.019941687677365,0.323,1.1195,1.362,High (5.5–6.5),0.8087885985748219,0.8423645320197044,0.7393822393822393,0.8494453248811411,0.4505300353356891,0.24282560706401762,0.6310975609756097,0.8385068762278977
38,Slovakia,6.198,1.246,1.504,0.881,0.334,0.121,0.014,1396.0,114.0,0.07315234706320163,56.0,7.242082359256962,0.17400000000000002,1.1925,1.246,High (5.5–6.5),0.7399049881235155,0.9261083743842363,0.7490347490347491,0.5293185419968305,0.21378091872791521,0.030905077262693155,0.3282520325203252,0.8958742632612965
39,Trinidad & Tobago,6.192,1.231,1.477,0.713,0.489,0.185,0.016,116.0,40.0,0.04810276701815915,73.0,4.762173934797756,0.2525,1.095,1.231,High (5.5–6.5),0.7309976247030879,0.9094827586206896,0.5868725868725868,0.7749603803486529,0.32685512367491165,0.035320088300220744,0.4878048780487805,0.8192534381139488
40,Poland,6.182,1.206,1.438,0.884,0.483,0.117,0.05,12877.0,545.0,0.09558864351614271,52.0,9.463275708098129,0.2665,1.161,1.206,High (5.5–6.5),0.7161520190023752,0.8854679802955664,0.7519305019305019,0.7654516640253566,0.20671378091872794,0.11037527593818984,0.516260162601626,0.8711198428290765
41,Uzbekistan,6.174,0.745,1.529,0.756,0.631,0.322,0.24,2039.0,167.0,0.07697681905897234,66.0,7.620705086838262,0.4355,1.1425,0.745,High (5.5–6.5),0.44239904988123513,0.941502463054187,0.6283783783783784,1.0,0.568904593639576,0.5298013245033112,0.8597560975609755,0.8565815324165029
42,Lithuania,6.149,1.238,1.515,0.818,0.291,0.043,0.042,1449.0,90.0,0.07352847308499616,60.0,7.27931883541462,0.16649999999999998,1.1664999999999999,1.238,High (5.5–6.5),0.7351543942992874,0.9328817733990146,0.6882239382239381,0.4611727416798732,0.07597173144876325,0.09271523178807946,0.31300813008130074,0.8754420432220037
43,Colombia,6.125,0.985,1.41,0.841,0.47,0.099,0.034,6507.0,353.0,0.08869482291251443,57.0,8.780787468338929,0.252,1.1255,0.985,High (5.5–6.5),0.584916864608076,0.8682266009852215,0.7104247104247104,0.7448494453248811,0.17491166077738518,0.07505518763796909,0.4867886178861788,0.8432220039292729
44,Slovenia,6.118,1.258,1.523,0.953,0.564,0.144,0.057,1429.0,70.0,0.0733881790227672,51.0,7.265429723253953,0.3105,1.238,1.258,High (5.5–6.5),0.7470308788598574,0.9378078817733988,0.8185328185328185,0.8938193343898573,0.254416961130742,0.1258278145695364,0.605691056910569,0.9316306483300588
45,Nicaragua,6.105,0.694,1.325,0.835,0.435,0.2,0.127,14.0,2.0,0.02735404243537586,,2.70805020110221,0.281,1.08,0.694,High (5.5–6.5),0.4121140142517814,0.815886699507389,0.7046332046332046,0.6893819334389858,0.353356890459364,0.2803532008830022,0.5457317073170732,0.8074656188605107
46,Kosovo,6.1,0.882,1.232,0.758,0.489,0.262,0.006,799.0,289.0,0.06752133058250431,69.0,6.684611727667927,0.2475,0.995,0.882,High (5.5–6.5),0.5237529691211401,0.7586206896551723,0.6303088803088803,0.7749603803486529,0.46289752650176685,0.01324503311258278,0.47764227642276413,0.7406679764243614
47,Argentina,6.086,1.092,1.432,0.881,0.471,0.066,0.05,4428.0,291.0,0.0848073646860929,58.0,8.395929103923198,0.2605,1.1564999999999999,1.092,High (5.5–6.5),0.6484560570071259,0.8817733990147781,0.7490347490347491,0.7464342313787639,0.11660777385159012,0.11037527593818984,0.5040650406504065,0.8675834970530449
48,Romania,6.07,1.162,1.232,0.825,0.462,0.083,0.005,12240.0,523.0,0.09507622476843952,52.0,9.412546252075513,0.2335,1.0285,1.162,High (5.5–6.5),0.6900237529691211,0.7586206896551723,0.6949806949806949,0.7321711568938194,0.14664310954063606,0.011037527593818984,0.4491869918699187,0.7669941060903731
49,Cyprus,6.046,1.263,1.223,1.042,0.406,0.19,0.041,850.0,58.0,0.06814557705629672,61.0,6.7464121285733745,0.2235,1.1325,1.263,High (5.5–6.5),0.7499999999999999,0.7530788177339901,0.9044401544401546,0.6434231378763867,0.3356890459363958,0.09050772626931566,0.42886178861788615,0.8487229862475442
50,Ecuador,6.028,0.912,1.312,0.868,0.498,0.126,0.087,24934.0,11536.0,0.10226290624222448,56.0,10.124027717980223,0.2925,1.09,0.912,High (5.5–6.5),0.5415676959619953,0.8078817733990147,0.7364864864864865,0.7892234548335975,0.22261484098939932,0.19205298013245028,0.5691056910569104,0.8153241650294695
51,Kuwait,6.021,1.5,1.319,0.808,0.493,0.142,0.097,4024.0,300.0,0.0838412140389158,52.0,8.300280189852664,0.295,1.0635,1.5,High (5.5–6.5),0.8907363420427553,0.8121921182266009,0.6785714285714286,0.7812995245641838,0.2508833922261484,0.21412803532008828,0.5741869918699186,0.7944990176817287
52,Thailand,6.008,1.05,1.409,0.828,0.557,0.359,0.028,2954.0,188.0,0.06962264284012212,53.0,7.991253929840199,0.29250000000000004,1.1185,1.05,High (5.5–6.5),0.6235154394299287,0.8676108374384235,0.6978764478764479,0.8827258320126784,0.6342756183745584,0.06181015452538631,0.5691056910569106,0.8377210216110019
53,Latvia,5.94,1.187,1.465,0.812,0.264,0.075,0.064,858.0,48.0,0.06824009012105307,58.0,6.755768921984255,0.164,1.1385,1.187,High (5.5–6.5),0.7048693586698337,0.9020935960591132,0.6824324324324325,0.41838351822503966,0.13250883392226148,0.14128035320088297,0.3079268292682927,0.8534381139489193
54,South Korea,5.895,1.301,1.219,1.036,0.159,0.175,0.056,10774.0,851.0,0.08678622964052529,29.0,9.28498391497195,0.1075,1.1275,1.301,High (5.5–6.5),0.7725653206650831,0.7506157635467979,0.8986486486486487,0.2519809825673534,0.30918727915194344,0.12362030905077262,0.1930894308943089,0.8447937131630646
55,Estonia,5.893,1.237,1.528,0.874,0.495,0.103,0.161,1689.0,134.0,0.07507559401936484,52.0,7.432483807917119,0.328,1.201,1.237,High (5.5–6.5),0.734560570071259,0.940886699507389,0.7422779922779923,0.7844690966719493,0.18197879858657243,0.3554083885209713,0.641260162601626,0.9025540275049115
56,Jamaica,5.89,0.831,1.478,0.831,0.49,0.107,0.028,422.0,52.0,0.06108456746511391,84.0,6.0473721790462776,0.259,1.1545,0.831,High (5.5–6.5),0.49346793349168644,0.9100985221674875,0.7007722007722007,0.7765451664025357,0.18904593639575973,0.06181015452538631,0.5010162601626016,0.8660117878192534
57,Mauritius,5.888,1.12,1.402,0.798,0.498,0.215,0.06,334.0,41.0,0.058728591230556224,66.0,5.814130531825066,0.279,1.1,1.12,High (5.5–6.5),0.665083135391924,0.8633004926108373,0.668918918918919,0.7892234548335975,0.3798586572438163,0.1324503311258278,0.5416666666666666,0.8231827111984282
58,Japan,5.886,1.327,1.419,1.088,0.445,0.069,0.14,14153.0,1161.0,0.08544586121179412,30.0,9.55775254863573,0.2925,1.2535,1.327,High (5.5–6.5),0.7880047505938241,0.8737684729064038,0.948841698841699,0.705229793977813,0.12190812720848059,0.30905077262693154,0.5691056910569104,0.9438113948919449
59,Honduras,5.86,0.642,1.236,0.828,0.507,0.246,0.078,771.0,72.0,0.06716146010126037,67.0,6.648984550024776,0.2925,1.032,0.642,High (5.5–6.5),0.3812351543942993,0.7610837438423644,0.6978764478764479,0.803486529318542,0.4346289752650177,0.17218543046357615,0.5691056910569104,0.7697445972495087
60,Kazakhstan,5.809,1.173,1.508,0.729,0.41,0.146,0.096,3402.0,264.0,0.08214558257071622,64.0,8.132412674500905,0.253,1.1185,1.173,High (5.5–6.5),0.6965558194774347,0.9285714285714285,0.6023166023166023,0.6497622820919176,0.2579505300353357,0.21192052980132448,0.48882113821138207,0.8377210216110019
61,Bolivia,5.779,0.776,1.209,0.706,0.511,0.137,0.064,1110.0,104.0,0.07083854332969323,69.0,7.01301578963963,0.2875,0.9575,0.776,High (5.5–6.5),0.46080760095011875,0.7444581280788177,0.5801158301158301,0.809825673534073,0.24204946996466434,0.14128035320088297,0.5589430894308942,0.7111984282907662
62,Hungary,5.758,1.201,1.41,0.828,0.199,0.081,0.02,2775.0,210.0,0.08008854870329996,59.0,7.9287663216266955,0.1095,1.119,1.201,High (5.5–6.5),0.7131828978622328,0.8682266009852215,0.6978764478764479,0.31537242472266247,0.14310954063604242,0.044150110375275935,0.19715447154471544,0.8381139489194498
63,Paraguay,5.743,0.855,1.475,0.777,0.514,0.184,0.08,266.0,27.0,0.056436855135356054,74.0,5.58724865840025,0.297,1.1260000000000001,0.855,High (5.5–6.5),0.5077197149643705,0.9082512315270935,0.6486486486486487,0.8145800316957211,0.3250883392226149,0.17660044150110374,0.5782520325203251,0.843614931237721
65,Peru,5.697,0.96,1.274,0.854,0.455,0.083,0.027,36976.0,3683.0,0.10624294319917087,55.0,10.518051376717915,0.24100000000000002,1.064,0.96,High (5.5–6.5),0.5700712589073634,0.7844827586206896,0.7229729729729729,0.7210776545166403,0.14664310954063606,0.05960264900662251,0.4644308943089431,0.7948919449901768
66,Portugal,5.693,1.221,1.431,0.999,0.508,0.047,0.025,25045.0,1516.0,0.10230777184973716,51.0,10.128469413123979,0.2665,1.215,1.221,High (5.5–6.5),0.7250593824228029,0.8811576354679802,0.8629343629343629,0.8050713153724247,0.08303886925795054,0.05518763796909492,0.516260162601626,0.9135559921414538
67,Pakistan,5.653,0.677,0.886,0.535,0.313,0.22,0.098,16817.0,1292.0,0.0982848991958873,54.0,9.730205020392843,0.20550000000000002,0.7105,0.677,High (5.5–6.5),0.4020190023752969,0.5455665024630542,0.4150579150579151,0.4960380348652932,0.3886925795053004,0.2163355408388521,0.39227642276422764,0.5170923379174852
68,Russia,5.648,1.183,1.452,0.726,0.334,0.082,0.031,106498.0,7099.0,0.11692819065066841,55.0,11.575890874416173,0.1825,1.089,1.183,High (5.5–6.5),0.7024940617577197,0.8940886699507388,0.5994208494208494,0.5293185419968305,0.14487632508833923,0.06843267108167769,0.3455284552845528,0.8145383104125735
69,Philippines,5.631,0.807,1.293,0.657,0.558,0.117,0.107,8488.0,538.0,0.09137905542159563,52.0,9.046526486737967,0.3325,0.975,0.807,High (5.5–6.5),0.47921615201900236,0.7961822660098521,0.5328185328185329,0.8843106180665611,0.20671378091872794,0.23620309050772623,0.6504065040650406,0.7249508840864439
70,Serbia,5.603,1.004,1.383,0.854,0.282,0.137,0.039,9009.0,2379.0,0.0919807106121453,57.0,9.106090350602384,0.16049999999999998,1.1185,1.004,High (5.5–6.5),0.5961995249406176,0.8516009852216747,0.7229729729729729,0.44690966719492864,0.24204946996466434,0.08609271523178808,0.3008130081300812,0.8377210216110019
71,Moldova,5.529,0.685,1.328,0.739,0.245,0.181,0.0,3897.0,222.0,0.0835173624249243,61.0,8.268218880067506,0.1225,1.0335,0.685,High (5.5–6.5),0.40676959619952496,0.8177339901477831,0.611969111969112,0.38827258320126784,0.3197879858657244,0.0,0.22357723577235766,0.7709233791748527
72,Libya,5.525,1.044,1.303,0.673,0.416,0.133,0.152,61.0,13.0,0.041688226111566584,,4.127134385045092,0.284,0.988,1.044,High (5.5–6.5),0.6199524940617577,0.8023399014778324,0.5482625482625483,0.659270998415214,0.23498233215547706,0.33554083885209707,0.5518292682926829,0.7351669941060903
73,Montenegro,5.523,1.051,1.361,0.871,0.197,0.142,0.08,322.0,30.0,0.05836012447699653,69.0,5.777652323222656,0.1385,1.116,1.051,High (5.5–6.5),0.6241092636579572,0.8380541871921181,0.7393822393822393,0.312202852614897,0.2508833922261484,0.17660044150110374,0.25609756097560976,0.8357563850687623
74,Tajikistan,5.467,0.493,1.098,0.718,0.389,0.23,0.144,15.0,15.0,0.02800594668929072,,2.772588722239781,0.2665,0.908,0.493,Medium (4.5–5.5),0.29275534441805223,0.6761083743842364,0.5916988416988417,0.6164817749603804,0.4063604240282686,0.3178807947019867,0.516260162601626,0.6722986247544204
75,Croatia,5.432,1.155,1.266,0.914,0.296,0.119,0.022,2076.0,96.0,0.07715838205935467,57.0,7.638679823876112,0.159,1.09,1.155,Medium (4.5–5.5),0.6858669833729216,0.7795566502463053,0.7808880308880309,0.46909667194928684,0.21024734982332155,0.04856512141280352,0.2977642276422764,0.8153241650294695
77,Dominican Republic,5.425,1.015,1.401,0.779,0.497,0.113,0.101,6972.0,371.0,0.08939192754768698,59.0,8.84980082722101,0.299,1.09,1.015,Medium (4.5–5.5),0.6027315914489311,0.8626847290640393,0.6505791505791506,0.7876386687797148,0.19964664310954067,0.22295805739514346,0.5823170731707317,0.8153241650294695
78,Bosnia and Herzegovina,5.386,0.945,1.212,0.845,0.212,0.263,0.006,1757.0,92.0,0.07547406139641538,60.0,7.471932078245122,0.109,1.0285,0.945,Medium (4.5–5.5),0.5611638954869358,0.7463054187192117,0.7142857142857143,0.3359746434231379,0.46466431095406363,0.01324503311258278,0.1961382113821138,0.7669941060903731
79,Turkey,5.373,1.183,1.36,0.808,0.195,0.083,0.106,120204.0,5138.0,0.11815104947026131,57.0,11.69695389755587,0.1505,1.084,1.183,Medium (4.5–5.5),0.7024940617577197,0.8374384236453202,0.6785714285714286,0.3090332805071316,0.14664310954063606,0.23399558498896245,0.28048780487804875,0.8106090373280942
80,Malaysia,5.339,1.221,1.171,0.828,0.508,0.26,0.024,6002.0,235.0,0.08787893558840244,47.0,8.700014623251842,0.266,0.9995,1.221,Medium (4.5–5.5),0.7250593824228029,0.7210591133004925,0.6978764478764479,0.8050713153724247,0.4593639575971732,0.05298013245033112,0.5152439024390244,0.7442043222003929
81,Belarus,5.323,1.067,1.465,0.789,0.235,0.094,0.142,14027.0,1485.0,0.09645263243697039,68.0,9.548810611260068,0.1885,1.127,1.067,Medium (4.5–5.5),0.6336104513064132,0.9020935960591132,0.6602316602316602,0.37242472266244053,0.16607773851590107,0.3134657836644591,0.3577235772357723,0.8444007858546168
82,Greece,5.287,1.181,1.156,0.999,0.067,0.0,0.034,2591.0,156.0,0.079395808661335,51.0,7.860185057472165,0.0505,1.0775,1.181,Medium (4.5–5.5),0.7013064133016628,0.711822660098522,0.8629343629343629,0.10618066561014264,0.0,0.07505518763796909,0.07723577235772357,0.8055009823182709
83,Mongolia,5.285,0.948,1.531,0.667,0.317,0.235,0.038,38.0,13.0,0.03700567319322875,,3.6635616461296463,0.1775,1.099,0.948,Medium (4.5–5.5),0.5629453681710214,0.942733990147783,0.5424710424710425,0.5023771790808241,0.41519434628975266,0.08388520971302427,0.33536585365853655,0.8223968565815323
84,North Macedonia,5.274,0.983,1.294,0.838,0.345,0.185,0.034,1465.0,107.0,0.07363932204491512,60.0,7.290292882446597,0.1895,1.066,0.983,Medium (4.5–5.5),0.583729216152019,0.7967980295566501,0.7075289575289575,0.5467511885895404,0.32685512367491165,0.07505518763796909,0.3597560975609756,0.7964636542239685
85,Nigeria,5.265,0.696,1.111,0.245,0.426,0.215,0.041,1932.0,208.0,0.07643261090109425,67.0,7.566828479208331,0.23349999999999999,0.6779999999999999,0.696,Medium (4.5–5.5),0.4133016627078384,0.6841133004926108,0.13513513513513514,0.6751188589540412,0.3798586572438163,0.09050772626931566,0.4491869918699186,0.4915520628683692
86,Kyrgyzstan,5.261,0.551,1.438,0.723,0.508,0.3,0.023,746.0,69.0,0.06682894126396785,69.0,6.616065185132817,0.2655,1.0805,0.551,Medium (4.5–5.5),0.3271971496437055,0.8854679802955664,0.5965250965250966,0.8050713153724247,0.5300353356890459,0.050772626931567325,0.5142276422764227,0.8078585461689587
88,Algeria,5.211,1.002,1.16,0.785,0.086,0.073,0.114,4006.0,199.0,0.08379594051147621,59.0,8.295798110636145,0.1,0.9724999999999999,1.002,Medium (4.5–5.5),0.5950118764845606,0.7142857142857142,0.6563706563706564,0.1362916006339144,0.12897526501766785,0.2516556291390728,0.17784552845528456,0.7229862475442042
89,Morocco,5.208,0.801,0.782,0.782,0.418,0.036,0.076,4423.0,281.0,0.0847959549818401,60.0,8.39479954320217,0.247,0.782,0.801,Medium (4.5–5.5),0.4756532066508314,0.48152709359605905,0.6534749034749036,0.6624405705229793,0.0636042402826855,0.16777041942604853,0.47662601626016254,0.5732809430255402
90,Azerbaijan,5.208,1.043,1.147,0.769,0.351,0.035,0.182,1804.0,105.0,0.07574056435118162,64.0,7.498315870766981,0.26649999999999996,0.958,1.043,Medium (4.5–5.5),0.6193586698337291,0.7062807881773399,0.640926640926641,0.5562599049128367,0.0618374558303887,0.401766004415011,0.5162601626016259,0.711591355599214
91,Lebanon,5.197,0.987,1.224,0.815,0.216,0.166,0.027,725.0,61.0,0.0665409092406545,53.0,6.587550014824796,0.1215,1.0194999999999999,0.987,Medium (4.5–5.5),0.586104513064133,0.753694581280788,0.6853281853281853,0.34231378763866877,0.2932862190812721,0.05960264900662251,0.22154471544715443,0.7599214145383102
92,Indonesia,5.192,0.931,1.203,0.66,0.491,0.498,0.028,10118.0,436.0,0.09315323357302786,53.0,9.222170123729759,0.2595,0.9315,0.931,Medium (4.5–5.5),0.5528503562945368,0.7407635467980295,0.5357142857142857,0.7781299524564184,0.8798586572438163,0.06181015452538631,0.5020325203252032,0.6907662082514734
93,China,5.191,1.029,1.125,0.893,0.521,0.058,0.1,83956.0,15136.0,0.05080769293420244,0.0,11.338060041995572,0.3105,1.009,1.029,Medium (4.5–5.5),0.6110451306413301,0.6927339901477831,0.7606177606177607,0.8256735340729002,0.10247349823321555,0.22075055187637968,0.605691056910569,0.7516699410609036
94,Vietnam,5.175,0.741,1.346,0.851,0.543,0.147,0.073,270.0,19.0,0.05658705879676466,60.0,5.602118820879701,0.308,1.0985,0.741,Medium (4.5–5.5),0.4400237529691211,0.8288177339901477,0.7200772200772201,0.8605388272583202,0.2597173144876325,0.16114790286975714,0.600609756097561,0.8220039292730844
95,Bhutan,5.082,0.813,1.321,0.604,0.457,0.37,0.167,7.0,1.0,0.021004460016968037,,2.0794415416798357,0.312,0.9624999999999999,0.813,Medium (4.5–5.5),0.48277909738717334,0.813423645320197,0.48166023166023164,0.7242472266244058,0.6537102473498233,0.3686534216335541,0.6087398373983739,0.7151277013752454
96,Cameroon,5.044,0.549,0.91,0.331,0.381,0.187,0.037,1832.0,203.0,0.07589605300848186,67.0,7.513709247839705,0.209,0.6205,0.549,Medium (4.5–5.5),0.3260095011876485,0.5603448275862069,0.21814671814671818,0.6038034865293186,0.3303886925795053,0.08167770419426047,0.399390243902439,0.4463654223968565
97,Bulgaria,5.011,1.092,1.513,0.815,0.311,0.081,0.004,1506.0,137.0,0.07391794140026764,58.0,7.317876198626496,0.1575,1.164,1.092,Medium (4.5–5.5),0.6484560570071259,0.9316502463054185,0.6853281853281853,0.4928684627575277,0.14310954063604242,0.008830022075055186,0.2947154471544715,0.873477406679764
98,Ghana,4.996,0.611,0.868,0.486,0.381,0.245,0.04,2074.0,403.0,0.07714865083499796,64.0,7.637716432664798,0.2105,0.677,0.611,Medium (4.5–5.5),0.36282660332541566,0.5344827586206896,0.36776061776061775,0.6038034865293186,0.43286219081272087,0.08830022075055187,0.40243902439024387,0.4907662082514734
99,Ivory Coast,4.944,0.569,0.808,0.232,0.352,0.154,0.09,1275.0,113.0,0.07223722690812864,65.0,7.151485463904735,0.22099999999999997,0.52,0.569,Medium (4.5–5.5),0.3378859857482185,0.49753694581280783,0.12258687258687259,0.5578446909667195,0.27208480565371024,0.19867549668874168,0.4237804878048779,0.3673870333988212
100,Nepal,4.913,0.446,1.226,0.677,0.439,0.285,0.089,57.0,14.0,0.04101457586410524,,4.060443010546419,0.264,0.9515,0.446,Medium (4.5–5.5),0.2648456057007126,0.7549261083743841,0.5521235521235521,0.6957210776545166,0.5035335689045937,0.1964679911699779,0.5111788617886178,0.7064833005893909
101,Jordan,4.906,0.837,1.225,0.815,0.383,0.11,0.13,453.0,40.0,0.06179896159637725,60.0,6.118097198041348,0.2565,1.02,0.837,Medium (4.5–5.5),0.4970308788598575,0.7543103448275862,0.6853281853281853,0.6069730586370841,0.1943462897526502,0.28697571743929357,0.4959349593495934,0.7603143418467583
102,Benin,4.883,0.393,0.437,0.397,0.349,0.175,0.082,64.0,19.0,0.04216552797874381,,4.174387269895637,0.2155,0.41700000000000004,0.393,Medium (4.5–5.5),0.2333729216152019,0.2690886699507389,0.28185328185328185,0.5530903328050712,0.30918727915194344,0.18101545253863133,0.4126016260162601,0.2864440078585461
103,Congo (Brazzaville),4.812,0.673,0.799,0.508,0.372,0.105,0.093,220.0,57.0,0.05452689597492679,84.0,5.3981627015177525,0.23249999999999998,0.6535,0.673,Medium (4.5–5.5),0.3996437054631829,0.49199507389162556,0.38899613899613894,0.589540412044374,0.1855123674911661,0.20529801324503308,0.4471544715447154,0.47229862475442036
104,Gabon,4.799,1.057,1.183,0.571,0.295,0.043,0.055,276.0,38.0,0.05680825763825594,86.0,5.6240175061873385,0.175,0.877,1.057,Medium (4.5–5.5),0.6276722090261282,0.728448275862069,0.4498069498069498,0.4675118858954041,0.07597173144876325,0.12141280353200881,0.3302845528455284,0.6479371316306483
105,Laos,4.796,0.764,1.03,0.551,0.547,0.266,0.164,19.0,3.0,0.030259921955090818,,2.995732273553991,0.35550000000000004,0.7905,0.764,Medium (4.5–5.5),0.45368171021377673,0.6342364532019704,0.43050193050193053,0.8668779714738511,0.4699646643109541,0.36203090507726265,0.6971544715447154,0.5799607072691552
106,South Africa,4.722,0.96,1.351,0.469,0.389,0.13,0.055,5647.0,354.0,0.08726319978962706,56.0,8.639056779173078,0.222,0.9099999999999999,0.96,Medium (4.5–5.5),0.5700712589073634,0.8318965517241378,0.3513513513513513,0.6164817749603804,0.2296819787985866,0.12141280353200881,0.42581300813008127,0.6738703339882121
107,Albania,4.719,0.947,0.848,0.874,0.383,0.178,0.027,773.0,34.0,0.06718759468272452,61.0,6.651571873589727,0.20500000000000002,0.861,0.947,Medium (4.5–5.5),0.5623515439429928,0.522167487684729,0.7422779922779923,0.6069730586370841,0.31448763250883394,0.05960264900662251,0.391260162601626,0.6353634577603142
108,Venezuela,4.707,0.96,1.427,0.805,0.154,0.064,0.047,333.0,29.0,0.05869839386845152,64.0,5.811140992976701,0.1005,1.116,0.96,Medium (4.5–5.5),0.5700712589073634,0.878694581280788,0.6756756756756758,0.24405705229793978,0.11307420494699648,0.10375275938189844,0.17886178861788615,0.8357563850687623
109,Cambodia,4.7,0.574,1.122,0.637,0.609,0.232,0.062,122.0,31.0,0.04860792278153957,67.0,4.812184355372417,0.3355,0.8795000000000001,0.574,Medium (4.5–5.5),0.340855106888361,0.6908866995073891,0.5135135135135135,0.96513470681458,0.4098939929328622,0.13686534216335539,0.6565040650406504,0.649901768172888
111,Senegal,4.681,0.45,1.134,0.571,0.292,0.153,0.072,933.0,87.0,0.06908562058817012,64.0,6.839476438228843,0.182,0.8524999999999999,0.45,Medium (4.5–5.5),0.2672209026128266,0.6982758620689653,0.4498069498069498,0.46275752773375595,0.27031802120141346,0.15894039735099336,0.3445121951219512,0.6286836935166993
112,Somalia,4.668,0.0,0.698,0.268,0.559,0.243,0.27,601.0,73.0,0.0646490651041295,86.0,6.400257445308821,0.41450000000000004,0.483,0.0,Medium (4.5–5.5),0.0,0.4298029556650245,0.15733590733590733,0.8858954041204439,0.4293286219081272,0.5960264900662251,0.8170731707317073,0.3383104125736738
113,Namibia,4.639,0.879,1.313,0.477,0.401,0.07,0.056,16.0,3.0,0.028618316606628447,,2.833213344056216,0.2285,0.895,0.879,Medium (4.5–5.5),0.5219714964370546,0.8084975369458126,0.359073359073359,0.6354992076069731,0.1236749116607774,0.12362030905077262,0.4390243902439024,0.662082514734774
114,Niger,4.628,0.138,0.774,0.366,0.318,0.188,0.102,719.0,69.0,0.06645708294959699,72.0,6.579251212010101,0.21,0.5700000000000001,0.138,Medium (4.5–5.5),0.0819477434679335,0.4766009852216748,0.2519305019305019,0.5039619651347068,0.33215547703180215,0.22516556291390724,0.4014227642276422,0.4066797642436149
115,Burkina Faso,4.587,0.331,1.056,0.38,0.255,0.177,0.113,645.0,41.0,0.06536161114931921,62.0,6.470799503782602,0.184,0.718,0.331,Medium (4.5–5.5),0.1965558194774347,0.6502463054187192,0.2654440154440154,0.4041204437400951,0.3127208480565371,0.24944812362030902,0.34857723577235766,0.5229862475442042
116,Armenia,4.559,0.85,1.055,0.815,0.283,0.095,0.064,2066.0,134.0,0.07710963191597746,57.0,7.633853559681768,0.1735,0.9349999999999999,0.85,Medium (4.5–5.5),0.504750593824228,0.649630541871921,0.6853281853281853,0.4484944532488114,0.1678445229681979,0.14128035320088297,0.3272357723577235,0.6935166994106089
117,Iran,4.548,1.1,0.842,0.785,0.305,0.27,0.125,94640.0,3186.0,0.11573581883791076,35.0,11.457846064953165,0.215,0.8135,1.1,Medium (4.5–5.5),0.653206650831354,0.5184729064039408,0.6563706563706564,0.48335974643423135,0.4770318021201414,0.2759381898454746,0.4115853658536585,0.5980353634577602
118,Guinea,4.534,0.38,0.829,0.375,0.332,0.207,0.086,1495.0,167.0,0.07384394099529719,73.0,7.310550158534422,0.20900000000000002,0.602,0.38,Medium (4.5–5.5),0.22565320665083136,0.5104679802955664,0.26061776061776065,0.526148969889065,0.3657243816254417,0.1898454746136865,0.39939024390243905,0.4318271119842828
119,Georgia,4.519,0.886,0.666,0.752,0.346,0.043,0.164,539.0,42.0,0.06355120342988202,68.0,6.29156913955832,0.255,0.7090000000000001,0.886,Medium (4.5–5.5),0.5261282660332541,0.41009852216748766,0.6245173745173745,0.5483359746434231,0.07597173144876325,0.36203090507726265,0.49288617886178854,0.5159135559921415
120,Gambia,4.516,0.308,0.939,0.428,0.382,0.269,0.167,11.0,5.0,0.02510006716957576,,2.4849066497880004,0.2745,0.6835,0.308,Medium (4.5–5.5),0.1828978622327791,0.5782019704433496,0.31177606177606176,0.6053882725832013,0.47526501766784457,0.3686534216335541,0.532520325203252,0.4958742632612965
121,Kenya,4.509,0.512,0.983,0.581,0.431,0.372,0.053,396.0,29.0,0.06044380081502213,71.0,5.983936280687191,0.242,0.782,0.512,Medium (4.5–5.5),0.30403800475059384,0.605295566502463,0.45945945945945943,0.6830427892234548,0.657243816254417,0.11699779249448122,0.46646341463414626,0.5732809430255402
122,Mauritania,4.49,0.57,1.167,0.489,0.066,0.106,0.088,8.0,2.0,0.022194187649860805,,2.1972245773362196,0.077,0.8280000000000001,0.57,Low (< 4.5),0.338479809976247,0.7185960591133004,0.3706563706563706,0.10459587955625992,0.1872791519434629,0.1942604856512141,0.13109756097560976,0.6094302554027504
123,Mozambique,4.466,0.204,0.986,0.39,0.494,0.197,0.138,76.0,19.0,0.04387682244296651,,4.343805421853684,0.316,0.688,0.204,Low (< 4.5),0.12114014251781471,0.6071428571428571,0.27509652509652505,0.7828843106180665,0.34805653710247353,0.304635761589404,0.616869918699187,0.499410609037328
124,Tunisia,4.461,0.921,1.0,0.815,0.167,0.059,0.055,994.0,82.0,0.06972467411271306,62.0,6.902742737158593,0.111,0.9075,0.921,Low (< 4.5),0.5469121140142518,0.6157635467980295,0.6853281853281853,0.26465927099841524,0.10424028268551237,0.12141280353200881,0.20020325203252032,0.6719056974459724
125,Bangladesh,4.456,0.562,0.928,0.723,0.527,0.166,0.143,7667.0,641.0,0.09035162731480338,75.0,8.944811104165534,0.335,0.8255,0.562,Low (< 4.5),0.333729216152019,0.5714285714285714,0.5965250965250966,0.8351822503961965,0.2932862190812721,0.3156732891832229,0.6554878048780487,0.6074656188605108
126,Iraq,4.437,1.043,0.98,0.574,0.241,0.148,0.089,2085.0,91.0,0.07720205692485574,51.0,7.643003635560718,0.16499999999999998,0.7769999999999999,1.043,Low (< 4.5),0.6193586698337291,0.6034482758620688,0.45270270270270263,0.3819334389857369,0.26148409893992935,0.1964679911699779,0.30995934959349586,0.5693516699410608
127,Congo (Kinshasa),4.418,0.094,1.125,0.357,0.269,0.212,0.053,572.0,81.0,0.06415036077489636,70.0,6.35088571671474,0.161,0.741,0.094,Low (< 4.5),0.055819477434679333,0.6927339901477831,0.24324324324324323,0.4263074484944533,0.3745583038869258,0.11699779249448122,0.3018292682926829,0.5410609037328094
128,Mali,4.39,0.385,1.105,0.308,0.327,0.153,0.052,490.0,58.0,0.06259034472519717,81.0,6.19644412779452,0.1895,0.7065,0.385,Low (< 4.5),0.22862232779097386,0.6804187192118225,0.19594594594594592,0.5182250396196514,0.27031802120141346,0.11479028697571741,0.3597560975609756,0.5139489194499017
129,Sierra Leone,4.374,0.268,0.841,0.242,0.309,0.252,0.045,124.0,20.0,0.04877084583133638,97.0,4.8283137373023015,0.177,0.5415,0.268,Low (< 4.5),0.15914489311163896,0.5178571428571428,0.13223938223938222,0.4896988906497623,0.44522968197879864,0.09933774834437084,0.3343495934959349,0.3842829076620824
130,Sri Lanka,4.366,0.949,1.265,0.831,0.47,0.244,0.047,663.0,65.0,0.06563921363107508,62.0,6.498282149476434,0.2585,1.048,0.949,Low (< 4.5),0.5635391923990498,0.7789408866995072,0.7007722007722007,0.7448494453248811,0.43109540636042404,0.10375275938189844,0.5,0.7823182711198428
131,Myanmar,4.36,0.71,1.181,0.555,0.525,0.566,0.172,151.0,21.0,0.050746267887336126,88.0,5.0238805208462765,0.34850000000000003,0.8680000000000001,0.71,Low (< 4.5),0.4216152019002375,0.7272167487684729,0.4343629343629344,0.8320126782884311,1.0,0.379690949227373,0.6829268292682926,0.6408644400785855
132,Chad,4.35,0.35,0.766,0.192,0.174,0.198,0.078,73.0,21.0,0.043475404981860304,,4.30406509320417,0.126,0.479,0.35,Low (< 4.5),0.20783847980997622,0.4716748768472906,0.08397683397683398,0.2757527733755943,0.34982332155477036,0.17218543046357615,0.23069105691056907,0.3351669941060903
133,Ukraine,4.332,0.82,1.39,0.739,0.178,0.187,0.01,10406.0,578.0,0.09343670642058445,63.0,9.25023393563786,0.094,1.0645,0.82,Low (< 4.5),0.4869358669833729,0.8559113300492609,0.611969111969112,0.2820919175911252,0.3303886925795053,0.022075055187637967,0.16565040650406504,0.7952848722986247
134,Ethiopia,4.286,0.336,1.033,0.532,0.344,0.209,0.1,131.0,9.0,0.04932123154127647,87.0,4.882801922586371,0.22199999999999998,0.7825,0.336,Low (< 4.5),0.1995249406175772,0.6360837438423644,0.41216216216216217,0.5451664025356576,0.36925795053003535,0.22075055187637968,0.4258130081300812,0.5736738703339881
136,Uganda,4.189,0.332,1.069,0.443,0.356,0.252,0.06,83.0,11.0,0.04475572524084155,,4.430816798843313,0.208,0.756,0.332,Low (< 4.5),0.19714964370546317,0.6582512315270935,0.32625482625482627,0.5641838351822503,0.44522968197879864,0.1324503311258278,0.3973577235772357,0.5528487229862474
137,Egypt,4.166,0.913,1.039,0.644,0.241,0.076,0.067,5537.0,269.0,0.08706453236091825,52.0,8.619388703730907,0.154,0.8414999999999999,0.913,Low (< 4.5),0.5421615201900237,0.6397783251231526,0.5202702702702703,0.3819334389857369,0.13427561837455831,0.14790286975717437,0.28760162601626016,0.6200392927308447
138,Zambia,4.107,0.578,1.058,0.426,0.431,0.247,0.087,106.0,9.0,0.04720029125719097,99.0,4.672828834461906,0.259,0.742,0.578,Low (< 4.5),0.34323040380047504,0.6514778325123152,0.30984555984555984,0.6830427892234548,0.43639575971731454,0.19205298013245028,0.5010162601626016,0.5418467583497052
139,Togo,4.085,0.275,0.572,0.41,0.293,0.177,0.085,116.0,14.0,0.04810276701815915,98.0,4.762173934797756,0.189,0.491,0.275,Low (< 4.5),0.1633016627078385,0.3522167487684728,0.2944015444015444,0.4643423137876386,0.3127208480565371,0.18763796909492272,0.35873983739837395,0.3445972495088408
140,India,4.015,0.755,0.765,0.588,0.498,0.2,0.085,34863.0,1893.0,0.10564858643620607,52.0,10.459210057184402,0.2915,0.6765,0.755,Low (< 4.5),0.4483372921615202,0.47105911330049255,0.46621621621621623,0.7892234548335975,0.353356890459364,0.18763796909492272,0.5670731707317073,0.4903732809430254
141,Liberia,3.975,0.073,0.922,0.443,0.37,0.233,0.033,141.0,17.0,0.050058859167689505,90.0,4.955827057601261,0.2015,0.6825,0.073,Low (< 4.5),0.04334916864608076,0.5677339901477833,0.32625482625482627,0.5863708399366085,0.41166077738515905,0.0728476821192053,0.38414634146341464,0.4950884086444007
142,Comoros,3.973,0.274,0.757,0.505,0.142,0.275,0.078,1.0,1.0,0.00700148667232268,,0.6931471805599453,0.10999999999999999,0.631,0.274,Low (< 4.5),0.16270783847981,0.4661330049261083,0.3861003861003861,0.22503961965134706,0.4858657243816255,0.17218543046357615,0.19817073170731703,0.4546168958742632
143,Madagascar,3.933,0.274,0.916,0.555,0.148,0.169,0.041,128.0,14.0,0.04908901418547144,80.0,4.859812404361672,0.0945,0.7355,0.274,Low (< 4.5),0.16270783847981,0.564039408866995,0.4343629343629344,0.23454833597464342,0.2985865724381626,0.09050772626931566,0.16666666666666663,0.536738703339882
145,Burundi,3.775,0.046,0.447,0.38,0.22,0.176,0.18,11.0,6.0,0.02510006716957576,,2.4849066497880004,0.2,0.4135,0.046,Low (< 4.5),0.02731591448931116,0.2752463054187192,0.2654440154440154,0.3486529318541997,0.31095406360424027,0.39735099337748336,0.38109756097560976,0.2836935166994105
146,Zimbabwe,3.663,0.366,1.114,0.433,0.361,0.151,0.089,40.0,8.0,0.03751082895660917,,3.713572066704308,0.22499999999999998,0.7735000000000001,0.366,Low (< 4.5),0.21733966745843228,0.6859605911330049,0.31660231660231664,0.572107765451664,0.2667844522968198,0.1964679911699779,0.431910569105691,0.5666011787819253
147,Haiti,3.597,0.323,0.688,0.449,0.026,0.419,0.11,81.0,10.0,0.044512315628931855,,4.406719247264253,0.068,0.5685,0.323,Low (< 4.5),0.19180522565320665,0.42364532019704426,0.33204633204633205,0.04120443740095087,0.7402826855123675,0.24282560706401762,0.11280487804878049,0.40550098231827103
148,Botswana,3.488,1.041,1.145,0.538,0.455,0.025,0.1,23.0,7.0,0.032101553841898445,,3.1780538303479458,0.2775,0.8415,1.041,Low (< 4.5),0.6181710213776721,0.7050492610837438,0.41795366795366795,0.7210776545166403,0.0441696113074205,0.22075055187637968,0.5386178861788617,0.6200392927308448
149,Syria,3.462,0.619,0.378,0.44,0.013,0.331,0.141,43.0,6.0,0.03822413771634607,,3.784189633918261,0.077,0.40900000000000003,0.619,Low (< 4.5),0.3675771971496437,0.23275862068965514,0.3233590733590733,0.020602218700475437,0.5848056537102474,0.3112582781456953,0.13109756097560976,0.28015717092337916
150,Malawi,3.41,0.191,0.56,0.495,0.443,0.218,0.089,37.0,10.0,0.03674329454269076,,3.6375861597263857,0.266,0.5275000000000001,0.191,Low (< 4.5),0.11342042755344418,0.3448275862068965,0.3764478764478765,0.7020602218700476,0.38515901060070673,0.1964679911699779,0.5152439024390244,0.37328094302554027
151,Yemen,3.38,0.287,1.163,0.463,0.143,0.108,0.077,6.0,5.0,0.01965565807126579,,1.9459101490553132,0.10999999999999999,0.8130000000000001,0.287,Low (< 4.5),0.1704275534441805,0.7161330049261083,0.34555984555984554,0.2266244057052298,0.19081272084805656,0.16997792494481234,0.19817073170731703,0.5976424361493123
152,Rwanda,3.334,0.359,0.711,0.614,0.555,0.217,0.411,243.0,22.0,0.055526951770638405,73.0,5.497168225293202,0.483,0.6625,0.359,Low (< 4.5),0.21318289786223277,0.4378078817733989,0.4913127413127413,0.8795562599049129,0.3833922261484099,0.9072847682119204,0.95630081300813,0.47937131630648316
153,Tanzania,3.231,0.476,0.885,0.499,0.417,0.276,0.147,480.0,181.0,0.06238249767783597,86.0,6.175867270105761,0.282,0.692,0.476,Low (< 4.5),0.2826603325415677,0.5449507389162561,0.3803088803088803,0.6608557844690967,0.48763250883392234,0.3245033112582781,0.5477642276422763,0.5025540275049115
154,Afghanistan,3.203,0.35,0.517,0.361,0.0,0.158,0.025,2171.0,232.0,0.07761013819246289,65.0,7.683403681053826,0.0125,0.439,0.35,Low (< 4.5),0.20783847980997622,0.31834975369458124,0.24710424710424708,0.0,0.27915194346289757,0.05518763796909492,0.0,0.3037328094302553
155,Central African Republic,3.083,0.026,0.0,0.105,0.225,0.235,0.035,50.0,31.0,0.039715410431558844,,3.9318256327243257,0.13,0.0525,0.026,Low (< 4.5),0.015439429928741092,0.0,0.0,0.35657686212361334,0.41519434628975266,0.07726269315673288,0.23882113821138212,0.0
156,South Sudan,2.853,0.306,0.575,0.295,0.01,0.202,0.091,35.0,28.0,0.036197160994506164,,3.58351893845611,0.050499999999999996,0.43499999999999994,0.306,Low (< 4.5),0.18171021377672208,0.35406403940886694,0.1833976833976834,0.01584786053882726,0.35689045936395764,0.2008830022075055,0.07723577235772355,0.3005893909626718
156,South Sudan,2.853,0.306,0.575,0.295,0.01,0.202,0.091,442.0,67.0,0.061551209798435716,89.0,6.093569770045136,0.050499999999999996,0.43499999999999994,0.306,Low (< 4.5),0.18171021377672208,0.35406403940886694,0.1833976833976834,0.01584786053882726,0.35689045936395764,0.2008830022075055,0.07723577235772355,0.3005893909626718
